indice,id1,id2,id3,id4,id5,e1,e2,Date,year
1,16,29,32,36,41,7,9,13/02/2004,2004
2,7,13,39,47,50,2,5,20/02/2004,2004
3,14,18,19,31,37,4,5,27/02/2004,2004
4,4,7,33,37,39,1,5,05/03/2004,2004
5,15,24,28,44,47,4,5,12/03/2004,2004
6,33,36,37,42,45,4,9,19/03/2004,2004
7,3,4,10,23,43,2,4,26/03/2004,2004
8,4,12,24,27,36,2,9,02/04/2004,2004
9,1,4,10,19,23,2,8,09/04/2004,2004
10,14,15,28,35,40,1,3,16/04/2004,2004
11,6,10,21,45,49,3,5,23/04/2004,2004
12,5,6,16,23,27,6,7,30/04/2004,2004
13,15,16,21,36,38,1,5,07/05/2004,2004
14,1,3,21,32,39,2,6,14/05/2004,2004
15,15,29,37,39,49,4,9,21/05/2004,2004
16,6,11,35,41,44,5,6,28/05/2004,2004
17,9,13,34,41,42,3,7,04/06/2004,2004
18,2,7,8,10,47,1,7,11/06/2004,2004
19,2,23,28,40,43,2,6,18/06/2004,2004
20,3,21,30,34,35,1,2,25/06/2004,2004
21,4,23,24,28,34,1,3,02/07/2004,2004
22,2,5,12,19,44,8,9,09/07/2004,2004
23,24,26,31,38,50,5,8,16/07/2004,2004
24,7,10,27,31,34,3,8,23/07/2004,2004
25,9,10,19,37,50,1,6,30/07/2004,2004
26,5,15,24,35,44,5,6,06/08/2004,2004
27,20,27,41,43,50,5,8,13/08/2004,2004
28,6,9,10,27,35,6,8,20/08/2004,2004
29,1,11,22,28,44,1,9,27/08/2004,2004
30,8,12,14,15,34,6,7,03/09/2004,2004
31,5,25,33,36,38,2,5,10/09/2004,2004
32,15,18,29,39,41,5,8,17/09/2004,2004
33,21,26,27,44,48,1,7,24/09/2004,2004
34,12,20,21,45,48,5,6,01/10/2004,2004
35,1,10,12,16,48,2,6,08/10/2004,2004
36,14,21,22,37,43,5,8,15/10/2004,2004
37,1,9,23,25,40,3,9,22/10/2004,2004
38,1,8,32,35,38,4,9,29/10/2004,2004
39,6,19,25,42,49,1,7,05/11/2004,2004
40,4,11,12,13,32,3,9,12/11/2004,2004
41,1,18,29,34,37,2,6,19/11/2004,2004
42,1,4,24,34,36,6,8,26/11/2004,2004
43,1,11,15,42,49,3,4,03/12/2004,2004
44,1,3,13,16,43,2,7,10/12/2004,2004
45,15,19,22,46,49,2,9,17/12/2004,2004
46,3,4,27,29,37,5,6,24/12/2004,2004
47,7,8,24,25,47,8,9,31/12/2004,2004
48,3,23,27,47,50,2,3,07/01/2005,2005
49,6,11,14,19,29,1,3,14/01/2005,2005
50,10,12,14,24,26,5,8,21/01/2005,2005
51,7,21,26,43,45,5,7,28/01/2005,2005
52,1,8,11,30,40,7,8,04/02/2005,2005
53,11,13,25,32,50,4,7,11/02/2005,2005
54,20,21,26,32,46,8,9,18/02/2005,2005
55,3,27,30,43,44,4,8,25/02/2005,2005
56,12,24,32,37,39,7,9,04/03/2005,2005
57,8,12,23,40,43,1,4,11/03/2005,2005
58,6,23,39,43,48,5,7,18/03/2005,2005
59,4,29,33,37,38,6,9,25/03/2005,2005
60,25,26,41,44,47,3,7,01/04/2005,2005
61,7,11,25,31,50,1,3,08/04/2005,2005
62,6,28,31,38,42,3,9,15/04/2005,2005
63,3,10,13,24,47,5,9,22/04/2005,2005
64,3,9,35,39,42,1,8,29/04/2005,2005
65,7,12,21,26,44,6,8,06/05/2005,2005
66,12,17,31,32,40,2,9,13/05/2005,2005
67,6,7,13,28,47,5,8,20/05/2005,2005
68,2,24,31,48,50,4,9,27/05/2005,2005
69,3,8,11,17,50,1,5,03/06/2005,2005
70,6,7,32,37,47,1,7,10/06/2005,2005
71,4,8,10,18,21,1,7,17/06/2005,2005
72,6,8,14,15,45,7,8,24/06/2005,2005
73,4,5,23,25,28,3,4,01/07/2005,2005
74,35,36,42,46,49,2,8,08/07/2005,2005
75,1,11,12,23,42,3,6,15/07/2005,2005
76,3,14,41,48,49,1,4,22/07/2005,2005
77,3,19,26,49,50,4,5,29/07/2005,2005
78,2,11,21,22,30,4,6,05/08/2005,2005
79,15,23,30,37,40,7,9,12/08/2005,2005
80,11,24,29,31,41,1,3,19/08/2005,2005
81,9,29,35,40,41,1,6,26/08/2005,2005
82,3,4,14,43,50,3,6,02/09/2005,2005
83,8,12,19,31,50,6,7,09/09/2005,2005
84,12,13,19,21,38,3,9,16/09/2005,2005
85,1,26,31,34,47,4,9,23/09/2005,2005
86,6,11,47,48,50,1,6,30/09/2005,2005
87,2,13,21,26,44,3,9,07/10/2005,2005
88,10,11,19,20,23,1,6,14/10/2005,2005
89,1,14,19,29,33,1,8,21/10/2005,2005
90,14,36,44,47,50,3,5,28/10/2005,2005
91,26,36,37,38,42,2,6,04/11/2005,2005
92,15,16,36,41,42,3,5,11/11/2005,2005
93,17,18,25,34,48,2,3,18/11/2005,2005
94,1,6,27,39,47,1,6,25/11/2005,2005
95,1,9,20,23,30,4,7,02/12/2005,2005
96,11,18,35,38,42,1,5,09/12/2005,2005
97,2,3,15,18,32,6,7,16/12/2005,2005
98,15,31,36,37,42,1,7,23/12/2005,2005
99,8,16,19,43,45,1,4,30/12/2005,2005
100,2,6,9,14,26,4,5,06/01/2006,2006
101,8,12,19,33,34,1,6,13/01/2006,2006
102,12,15,33,44,50,2,6,20/01/2006,2006
103,9,15,21,40,49,1,4,27/01/2006,2006
104,9,21,30,39,50,1,3,03/02/2006,2006
105,5,6,38,48,50,6,7,10/02/2006,2006
106,4,23,24,26,38,2,4,17/02/2006,2006
107,1,11,18,19,47,3,7,24/02/2006,2006
108,3,5,8,10,44,3,5,03/03/2006,2006
109,1,21,33,45,49,4,8,10/03/2006,2006
110,5,32,44,45,50,1,7,17/03/2006,2006
111,17,28,33,35,47,4,9,24/03/2006,2006
112,3,20,31,45,50,6,7,31/03/2006,2006
113,12,13,29,44,50,4,5,07/04/2006,2006
114,16,26,34,35,49,2,6,14/04/2006,2006
115,1,20,22,37,46,1,9,21/04/2006,2006
116,5,10,17,22,33,5,7,28/04/2006,2006
117,4,8,14,16,50,3,9,05/05/2006,2006
118,5,20,23,34,50,1,5,12/05/2006,2006
119,3,5,25,34,49,5,8,19/05/2006,2006
120,2,12,21,41,49,3,7,26/05/2006,2006
121,7,8,27,41,48,1,6,02/06/2006,2006
122,3,12,15,34,39,4,6,09/06/2006,2006
123,1,16,26,30,36,3,9,16/06/2006,2006
124,9,21,30,43,44,1,9,23/06/2006,2006
125,6,15,16,40,43,1,2,30/06/2006,2006
126,7,9,18,35,43,5,7,07/07/2006,2006
127,1,7,17,31,36,2,8,14/07/2006,2006
128,2,4,9,38,50,6,8,21/07/2006,2006
129,3,8,12,29,43,6,7,28/07/2006,2006
130,1,14,15,26,32,3,7,04/08/2006,2006
131,27,28,31,46,47,2,5,11/08/2006,2006
132,12,37,39,40,50,1,2,18/08/2006,2006
133,10,28,40,47,48,6,8,25/08/2006,2006
134,3,7,25,45,50,6,9,01/09/2006,2006
135,1,10,12,32,33,1,8,08/09/2006,2006
136,6,10,16,26,49,7,9,15/09/2006,2006
137,10,29,30,45,49,3,8,22/09/2006,2006
138,1,3,6,18,24,5,8,29/09/2006,2006
139,5,11,22,35,38,7,8,06/10/2006,2006
140,2,25,32,38,41,3,5,13/10/2006,2006
141,10,19,34,45,47,3,6,20/10/2006,2006
142,3,4,8,44,50,7,8,27/10/2006,2006
143,11,13,24,44,49,3,9,03/11/2006,2006
144,14,21,27,30,36,2,3,10/11/2006,2006
145,12,22,32,33,36,2,6,17/11/2006,2006
146,5,8,17,25,40,1,5,24/11/2006,2006
147,4,8,16,37,41,2,5,01/12/2006,2006
148,16,17,18,36,47,1,2,08/12/2006,2006
149,9,23,35,37,42,3,7,15/12/2006,2006
150,9,11,20,38,43,2,3,22/12/2006,2006
151,6,9,13,14,35,3,4,29/12/2006,2006
152,17,19,29,36,45,5,6,05/01/2007,2007
153,8,11,14,19,25,3,5,12/01/2007,2007
154,5,13,27,33,42,2,4,19/01/2007,2007
155,11,15,23,30,38,4,9,26/01/2007,2007
156,14,23,27,30,36,1,6,02/02/2007,2007
157,14,16,30,36,46,2,8,09/02/2007,2007
158,8,19,20,39,50,6,9,16/02/2007,2007
159,2,15,18,20,22,2,5,23/02/2007,2007
160,3,16,34,38,48,5,8,02/03/2007,2007
161,2,3,25,43,48,6,9,09/03/2007,2007
162,4,14,31,45,49,4,9,16/03/2007,2007
163,5,13,17,40,43,1,3,23/03/2007,2007
164,9,17,19,41,46,1,8,30/03/2007,2007
165,15,23,29,41,48,3,6,06/04/2007,2007
166,7,20,25,38,41,3,7,13/04/2007,2007
167,23,26,32,41,45,3,7,20/04/2007,2007
168,7,18,27,36,44,1,2,27/04/2007,2007
169,6,17,35,41,45,1,5,04/05/2007,2007
170,7,12,26,29,49,2,6,11/05/2007,2007
171,26,34,37,39,49,2,6,18/05/2007,2007
172,25,26,29,49,50,7,8,25/05/2007,2007
173,6,22,37,41,42,6,9,01/06/2007,2007
174,1,15,17,25,45,2,8,08/06/2007,2007
175,5,7,14,21,40,3,8,15/06/2007,2007
176,11,16,17,22,34,5,6,22/06/2007,2007
177,8,12,28,33,45,1,3,29/06/2007,2007
178,4,5,19,39,41,8,9,06/07/2007,2007
179,9,13,15,31,48,3,6,13/07/2007,2007
180,10,21,25,26,50,4,9,20/07/2007,2007
181,1,4,21,29,41,7,8,27/07/2007,2007
182,10,30,33,37,41,1,8,03/08/2007,2007
183,23,40,42,43,49,2,6,10/08/2007,2007
184,2,3,13,38,42,7,8,17/08/2007,2007
185,1,3,16,42,48,2,3,24/08/2007,2007
186,6,18,22,23,37,5,6,31/08/2007,2007
187,2,3,33,34,42,3,5,07/09/2007,2007
188,5,9,11,29,33,7,9,14/09/2007,2007
189,1,17,32,35,37,1,8,21/09/2007,2007
190,22,30,34,35,44,4,5,28/09/2007,2007
191,11,20,27,35,44,2,5,05/10/2007,2007
192,21,32,36,46,47,3,4,12/10/2007,2007
193,7,18,34,35,40,7,8,19/10/2007,2007
194,7,20,38,40,43,1,8,26/10/2007,2007
195,3,16,18,19,40,1,2,02/11/2007,2007
196,5,14,22,25,36,5,6,09/11/2007,2007
197,9,18,23,33,37,1,8,16/11/2007,2007
198,2,10,22,29,48,3,9,23/11/2007,2007
199,12,19,20,30,38,7,9,30/11/2007,2007
200,2,4,32,43,48,1,7,07/12/2007,2007
201,8,25,30,36,44,3,4,14/12/2007,2007
202,7,9,28,37,44,6,7,21/12/2007,2007
203,20,21,22,31,45,7,9,28/12/2007,2007
204,10,12,24,25,41,3,5,04/01/2008,2008
205,8,24,36,49,50,4,8,11/01/2008,2008
206,14,16,23,40,46,4,8,18/01/2008,2008
207,2,6,9,19,45,7,8,25/01/2008,2008
208,22,30,45,47,49,4,9,01/02/2008,2008
209,17,28,30,38,44,1,4,08/02/2008,2008
210,12,27,29,45,46,4,7,15/02/2008,2008
211,4,27,32,46,50,8,9,22/02/2008,2008
212,12,37,40,47,49,2,9,29/02/2008,2008
213,2,7,14,17,35,1,6,07/03/2008,2008
214,13,21,25,35,48,4,8,14/03/2008,2008
215,2,10,18,22,36,4,6,21/03/2008,2008
216,5,9,17,29,39,3,6,28/03/2008,2008
217,11,13,18,37,47,1,6,04/04/2008,2008
218,6,25,30,45,50,5,7,11/04/2008,2008
219,3,6,7,27,50,5,9,18/04/2008,2008
220,4,19,26,27,30,3,8,25/04/2008,2008
221,2,26,37,45,48,4,8,02/05/2008,2008
222,8,9,40,42,45,6,7,09/05/2008,2008
223,6,9,15,25,38,4,9,16/05/2008,2008
224,5,9,19,21,38,1,7,23/05/2008,2008
225,5,7,14,20,49,2,8,30/05/2008,2008
226,7,19,21,40,50,2,9,06/06/2008,2008
227,13,16,37,44,50,1,9,13/06/2008,2008
228,8,11,36,37,45,3,5,20/06/2008,2008
229,5,20,26,44,50,5,7,27/06/2008,2008
230,7,19,22,27,48,5,7,04/07/2008,2008
231,9,11,13,19,37,3,4,11/07/2008,2008
232,10,14,16,29,44,5,6,18/07/2008,2008
233,7,11,15,24,29,2,7,25/07/2008,2008
234,1,22,25,40,50,1,8,01/08/2008,2008
235,4,5,15,16,45,4,7,08/08/2008,2008
236,11,17,18,26,31,5,6,15/08/2008,2008
237,7,27,29,39,50,5,7,22/08/2008,2008
238,2,20,25,37,39,5,8,29/08/2008,2008
239,7,12,16,17,39,3,8,05/09/2008,2008
240,19,23,33,37,50,3,7,12/09/2008,2008
241,14,16,19,20,31,6,9,19/09/2008,2008
242,14,29,31,33,37,1,2,26/09/2008,2008
243,4,13,19,23,38,2,3,03/10/2008,2008
244,4,15,22,31,41,1,6,10/10/2008,2008
245,3,10,12,42,50,1,5,17/10/2008,2008
246,7,15,16,17,45,6,9,24/10/2008,2008
247,3,18,25,34,41,2,5,31/10/2008,2008
248,1,9,12,17,18,3,4,07/11/2008,2008
249,8,10,14,21,26,3,4,14/11/2008,2008
250,9,14,21,49,50,3,8,21/11/2008,2008
251,8,11,16,25,41,2,4,28/11/2008,2008
252,4,8,21,35,45,5,8,05/12/2008,2008
253,2,19,28,42,49,2,7,12/12/2008,2008
254,28,29,40,46,50,5,7,19/12/2008,2008
255,1,2,26,44,50,1,7,26/12/2008,2008
256,29,30,36,37,48,1,6,02/01/2009,2009
257,7,15,22,28,48,1,4,09/01/2009,2009
258,3,17,22,49,50,3,6,16/01/2009,2009
259,32,33,36,40,49,2,8,23/01/2009,2009
260,4,29,34,35,46,5,8,30/01/2009,2009
261,10,20,30,36,40,3,5,06/02/2009,2009
262,22,33,36,40,42,1,2,13/02/2009,2009
263,9,12,13,14,48,1,2,20/02/2009,2009
264,5,9,37,44,45,6,9,27/02/2009,2009
265,13,17,19,25,35,5,6,06/03/2009,2009
266,12,24,26,36,42,1,4,13/03/2009,2009
267,12,16,23,31,35,4,6,20/03/2009,2009
268,25,33,36,38,42,6,7,27/03/2009,2009
269,2,20,24,32,46,1,9,03/04/2009,2009
270,9,14,16,37,46,2,4,10/04/2009,2009
271,4,7,21,44,47,1,5,17/04/2009,2009
272,4,14,21,24,41,5,8,24/04/2009,2009
273,5,19,31,38,47,3,5,01/05/2009,2009
274,4,23,24,29,31,8,9,08/05/2009,2009
275,8,18,19,20,42,5,9,15/05/2009,2009
276,4,13,14,33,43,1,6,22/05/2009,2009
277,2,5,30,37,47,3,6,29/05/2009,2009
278,11,19,26,35,40,2,5,05/06/2009,2009
279,6,14,16,34,50,4,6,12/06/2009,2009
280,4,16,17,20,29,5,7,19/06/2009,2009
281,6,11,21,30,39,2,8,26/06/2009,2009
282,21,29,34,46,47,6,8,03/07/2009,2009
283,6,16,20,42,46,1,6,10/07/2009,2009
284,2,8,17,32,50,3,7,17/07/2009,2009
285,14,15,25,35,47,5,9,24/07/2009,2009
286,5,9,20,21,26,3,6,31/07/2009,2009
287,10,20,22,24,31,2,7,07/08/2009,2009
288,5,8,24,30,49,3,9,14/08/2009,2009
289,4,7,16,31,42,3,5,21/08/2009,2009
290,8,36,37,41,49,5,7,28/08/2009,2009
291,6,9,20,38,39,3,9,04/09/2009,2009
292,12,15,35,42,43,4,6,11/09/2009,2009
293,6,16,30,38,41,2,4,18/09/2009,2009
294,6,17,18,21,34,3,9,25/09/2009,2009
295,22,23,24,29,44,1,5,02/10/2009,2009
296,7,11,29,46,50,4,7,09/10/2009,2009
297,12,23,30,31,47,3,4,16/10/2009,2009
298,6,18,20,29,31,2,8,23/10/2009,2009
299,9,33,35,38,40,2,6,30/10/2009,2009
300,11,19,34,43,45,5,9,06/11/2009,2009
301,13,15,25,26,32,3,4,13/11/2009,2009
302,5,9,28,43,47,2,9,20/11/2009,2009
303,5,8,13,15,33,8,9,27/11/2009,2009
304,18,19,25,30,44,1,3,04/12/2009,2009
305,20,41,43,44,46,2,9,11/12/2009,2009
306,14,30,32,35,49,3,8,18/12/2009,2009
307,4,5,14,17,34,3,5,25/12/2009,2009
308,9,22,24,27,36,5,7,01/01/2010,2010
309,4,5,14,44,46,8,9,08/01/2010,2010
310,11,26,29,49,50,4,7,15/01/2010,2010
311,4,22,27,36,44,7,9,22/01/2010,2010
312,9,17,30,39,43,5,7,29/01/2010,2010
313,34,35,38,39,46,3,4,05/02/2010,2010
314,1,5,18,38,45,4,6,12/02/2010,2010
315,12,31,37,38,43,2,3,19/02/2010,2010
316,7,11,18,29,42,6,7,26/02/2010,2010
317,12,18,19,43,49,3,9,05/03/2010,2010
318,1,26,33,36,46,6,7,12/03/2010,2010
319,10,28,30,38,39,2,7,19/03/2010,2010
320,8,16,18,37,43,2,6,26/03/2010,2010
321,12,18,24,26,45,4,5,02/04/2010,2010
322,7,21,23,24,44,3,4,09/04/2010,2010
323,9,11,17,26,40,3,9,16/04/2010,2010
324,3,7,8,43,46,6,8,23/04/2010,2010
325,6,22,24,25,36,3,8,30/04/2010,2010
326,3,6,15,21,32,7,9,07/05/2010,2010
327,1,17,31,43,47,2,3,14/05/2010,2010
328,7,19,30,38,50,4,7,21/05/2010,2010
329,4,9,31,32,33,3,7,28/05/2010,2010
330,4,17,34,40,42,4,9,04/06/2010,2010
331,2,22,24,36,44,1,2,11/06/2010,2010
332,2,29,31,32,38,1,4,18/06/2010,2010
333,1,8,18,28,31,8,9,25/06/2010,2010
334,12,13,36,41,46,1,8,02/07/2010,2010
335,9,24,37,39,49,3,9,09/07/2010,2010
336,38,39,45,46,49,7,8,16/07/2010,2010
337,4,13,35,37,46,3,9,23/07/2010,2010
338,3,4,11,28,39,2,8,30/07/2010,2010
339,13,25,28,29,42,4,5,06/08/2010,2010
340,4,9,15,21,47,2,7,13/08/2010,2010
341,5,27,31,40,42,1,6,20/08/2010,2010
342,1,6,13,30,49,1,9,27/08/2010,2010
343,13,24,26,47,49,4,8,03/09/2010,2010
344,17,21,35,41,45,1,5,10/09/2010,2010
345,17,27,29,38,50,1,3,17/09/2010,2010
346,1,4,16,40,48,1,9,24/09/2010,2010
347,1,4,6,27,48,1,6,01/10/2010,2010
348,9,30,35,39,46,6,8,08/10/2010,2010
349,2,31,36,38,43,3,7,15/10/2010,2010
350,4,5,9,11,39,3,5,22/10/2010,2010
351,16,20,22,32,42,8,9,29/10/2010,2010
352,21,23,33,40,50,4,5,05/11/2010,2010
353,7,19,23,29,47,1,6,12/11/2010,2010
354,12,15,32,36,45,7,9,19/11/2010,2010
355,9,28,36,41,49,5,7,26/11/2010,2010
356,8,19,28,32,46,4,7,03/12/2010,2010
357,2,3,10,33,46,7,8,10/12/2010,2010
358,3,20,29,35,42,3,8,17/12/2010,2010
359,19,36,38,42,46,2,8,24/12/2010,2010
360,2,24,34,38,43,1,7,31/12/2010,2010
361,1,22,32,48,50,6,7,07/01/2011,2011
362,2,14,24,39,44,6,7,14/01/2011,2011
363,3,11,13,18,21,4,5,21/01/2011,2011
364,13,23,24,41,42,1,5,28/01/2011,2011
365,2,11,24,35,47,5,9,04/02/2011,2011
366,12,14,15,19,23,7,8,11/02/2011,2011
367,2,3,15,45,49,5,9,18/02/2011,2011
368,12,13,42,45,48,3,9,25/02/2011,2011
369,11,25,27,28,41,5,8,04/03/2011,2011
370,17,19,24,37,46,2,7,11/03/2011,2011
371,1,13,20,26,50,6,7,18/03/2011,2011
372,6,12,21,27,33,3,7,25/03/2011,2011
373,4,17,21,22,33,4,8,01/04/2011,2011
374,21,23,38,47,50,2,6,08/04/2011,2011
375,4,6,21,39,41,2,6,15/04/2011,2011
376,11,22,36,45,48,1,4,22/04/2011,2011
377,15,25,38,40,41,1,2,29/04/2011,2011
378,11,16,20,22,28,4,9,06/05/2011,2011
379,3,10,15,28,45,5,7,10/05/2011,2011
380,9,11,17,36,47,1,2,13/05/2011,2011
381,20,21,37,45,46,2,3,17/05/2011,2011
382,10,14,20,25,42,8,11,20/05/2011,2011
383,16,23,24,26,29,2,9,24/05/2011,2011
384,9,17,25,28,49,8,9,27/05/2011,2011
385,1,9,10,22,50,5,11,31/05/2011,2011
386,4,39,40,49,50,2,5,03/06/2011,2011
387,6,25,36,38,40,4,10,07/06/2011,2011
388,3,19,20,37,48,8,11,10/06/2011,2011
389,5,12,19,41,48,8,10,14/06/2011,2011
390,11,16,21,22,44,3,8,17/06/2011,2011
391,17,20,35,49,50,3,4,21/06/2011,2011
392,5,16,20,30,41,6,11,24/06/2011,2011
393,15,16,30,44,50,2,3,28/06/2011,2011
394,8,11,23,31,46,8,9,01/07/2011,2011
395,11,28,29,47,49,1,5,05/07/2011,2011
396,12,13,23,40,49,7,10,08/07/2011,2011
397,17,19,38,42,45,9,10,12/07/2011,2011
398,6,26,33,34,39,3,4,15/07/2011,2011
399,3,16,25,26,35,5,9,19/07/2011,2011
400,4,15,23,49,50,2,6,22/07/2011,2011
401,1,5,22,25,48,3,11,26/07/2011,2011
402,12,19,27,37,38,5,10,29/07/2011,2011
403,5,8,14,24,33,3,8,02/08/2011,2011
404,13,14,18,32,34,1,10,05/08/2011,2011
405,7,23,24,34,36,8,11,09/08/2011,2011
406,7,10,20,27,37,4,7,12/08/2011,2011
407,1,13,17,18,45,3,8,16/08/2011,2011
408,6,14,16,28,31,2,11,19/08/2011,2011
409,4,6,14,42,50,2,4,23/08/2011,2011
410,12,22,25,33,45,5,7,26/08/2011,2011
411,2,8,10,19,46,5,9,30/08/2011,2011
412,12,26,37,38,44,4,7,02/09/2011,2011
413,35,42,47,48,50,8,9,06/09/2011,2011
414,5,21,28,31,34,1,2,09/09/2011,2011
415,9,28,30,32,49,9,10,13/09/2011,2011
416,2,8,17,39,42,3,10,16/09/2011,2011
417,9,19,25,36,38,7,11,20/09/2011,2011
418,6,14,33,34,48,2,6,23/09/2011,2011
419,18,27,28,35,40,3,5,27/09/2011,2011
420,5,15,28,31,44,1,6,30/09/2011,2011
421,14,16,23,38,45,8,11,04/10/2011,2011
422,18,26,34,38,42,5,8,07/10/2011,2011
423,1,4,12,16,48,9,10,11/10/2011,2011
424,12,23,29,32,47,3,5,14/10/2011,2011
425,18,23,37,46,48,2,10,18/10/2011,2011
426,2,19,33,37,46,5,8,21/10/2011,2011
427,12,22,27,28,39,4,10,25/10/2011,2011
428,16,17,20,39,50,4,8,28/10/2011,2011
429,14,20,23,45,46,1,11,01/11/2011,2011
430,11,14,41,43,50,2,9,04/11/2011,2011
431,1,4,15,29,40,1,5,08/11/2011,2011
432,1,4,18,23,30,3,7,11/11/2011,2011
433,6,17,22,45,47,3,11,15/11/2011,2011
434,4,12,24,39,44,2,4,18/11/2011,2011
435,16,18,24,38,40,2,4,22/11/2011,2011
436,14,19,26,28,34,5,8,25/11/2011,2011
437,11,25,41,45,50,2,7,29/11/2011,2011
438,7,27,30,40,43,8,9,02/12/2011,2011
439,19,20,21,34,38,3,9,06/12/2011,2011
440,12,21,29,44,47,1,2,09/12/2011,2011
441,7,12,18,33,37,1,11,13/12/2011,2011
442,2,5,10,23,31,2,5,16/12/2011,2011
443,1,9,12,14,48,1,7,20/12/2011,2011
444,7,21,22,24,28,1,11,23/12/2011,2011
445,19,21,25,26,44,3,7,27/12/2011,2011
446,16,36,43,44,50,7,8,30/12/2011,2011
447,3,30,42,45,49,5,10,03/01/2012,2012
448,1,6,10,12,31,2,7,06/01/2012,2012
449,4,9,10,30,40,2,9,10/01/2012,2012
450,13,14,21,27,39,6,8,13/01/2012,2012
451,12,22,30,31,44,5,6,17/01/2012,2012
452,2,10,22,27,28,6,8,20/01/2012,2012
453,1,2,6,20,36,8,11,24/01/2012,2012
454,10,13,19,39,44,2,6,27/01/2012,2012
455,9,34,38,43,45,2,4,31/01/2012,2012
456,16,19,20,25,28,1,10,03/02/2012,2012
457,3,15,17,28,33,2,4,07/02/2012,2012
458,3,8,14,31,41,7,11,10/02/2012,2012
459,14,27,36,42,46,8,11,14/02/2012,2012
460,4,11,28,38,47,10,11,17/02/2012,2012
461,11,14,24,25,29,7,11,21/02/2012,2012
462,3,7,12,26,34,8,10,24/02/2012,2012
463,1,10,17,33,48,2,3,28/02/2012,2012
464,5,6,11,30,44,2,6,02/03/2012,2012
465,23,24,27,37,47,2,6,06/03/2012,2012
466,3,32,36,39,47,6,9,09/03/2012,2012
467,1,10,25,43,47,8,9,13/03/2012,2012
468,3,4,12,23,50,4,7,16/03/2012,2012
469,15,16,28,30,46,3,4,20/03/2012,2012
470,9,15,23,31,50,8,11,23/03/2012,2012
471,24,27,29,34,36,7,8,27/03/2012,2012
472,4,17,23,36,46,6,10,30/03/2012,2012
473,1,8,18,25,30,9,10,03/04/2012,2012
474,11,20,30,35,45,2,3,06/04/2012,2012
475,22,25,27,36,37,5,9,10/04/2012,2012
476,8,13,26,39,43,3,5,13/04/2012,2012
477,10,28,33,48,49,1,10,17/04/2012,2012
478,3,6,29,32,41,10,11,20/04/2012,2012
479,8,9,24,43,48,3,5,24/04/2012,2012
480,20,27,30,36,43,1,6,27/04/2012,2012
481,4,5,15,19,41,9,11,01/05/2012,2012
482,3,26,39,40,41,1,2,04/05/2012,2012
483,3,21,34,38,48,5,8,08/05/2012,2012
484,1,13,17,38,44,2,11,11/05/2012,2012
485,2,11,13,26,50,2,5,15/05/2012,2012
486,13,29,43,47,50,9,11,18/05/2012,2012
487,16,31,32,37,41,1,7,22/05/2012,2012
488,12,22,35,46,49,2,8,25/05/2012,2012
489,8,15,17,25,28,3,11,29/05/2012,2012
490,2,4,14,26,36,9,10,01/06/2012,2012
491,13,34,37,47,49,8,9,05/06/2012,2012
492,5,11,22,34,40,9,11,08/06/2012,2012
493,8,15,26,30,48,9,10,12/06/2012,2012
494,10,22,27,38,48,3,7,15/06/2012,2012
495,7,17,20,35,50,5,11,19/06/2012,2012
496,14,18,19,43,49,3,7,22/06/2012,2012
497,1,11,20,22,35,8,10,26/06/2012,2012
498,14,17,28,29,39,1,11,29/06/2012,2012
499,2,7,22,27,40,3,6,03/07/2012,2012
500,31,32,38,40,42,1,3,06/07/2012,2012
501,1,3,16,24,37,1,8,10/07/2012,2012
502,8,18,25,35,46,4,9,13/07/2012,2012
503,2,7,24,43,46,8,10,17/07/2012,2012
504,10,19,23,45,49,9,10,20/07/2012,2012
505,4,16,18,25,44,1,11,24/07/2012,2012
506,14,15,21,23,48,2,10,27/07/2012,2012
507,4,29,35,36,39,8,9,31/07/2012,2012
508,24,34,35,42,46,1,5,03/08/2012,2012
509,20,27,34,46,50,2,3,07/08/2012,2012
510,11,17,21,48,50,9,10,10/08/2012,2012
511,1,16,38,42,45,9,10,14/08/2012,2012
512,19,25,28,33,44,2,8,17/08/2012,2012
513,4,5,17,38,48,3,4,21/08/2012,2012
514,5,6,12,19,37,3,7,24/08/2012,2012
515,1,18,25,26,44,4,5,28/08/2012,2012
516,16,28,31,33,48,7,11,31/08/2012,2012
517,11,17,18,39,44,5,10,04/09/2012,2012
518,13,15,30,35,42,4,6,07/09/2012,2012
519,6,15,22,37,44,2,4,11/09/2012,2012
520,3,10,23,27,44,7,9,14/09/2012,2012
521,6,7,38,39,44,7,9,18/09/2012,2012
522,4,19,34,41,43,7,11,21/09/2012,2012
523,7,25,27,48,49,1,4,25/09/2012,2012
524,20,23,26,30,33,6,9,28/09/2012,2012
525,4,16,21,36,42,7,8,02/10/2012,2012
526,9,16,18,19,21,2,3,05/10/2012,2012
527,2,8,10,23,25,8,9,09/10/2012,2012
528,6,7,17,35,43,2,8,12/10/2012,2012
529,10,32,40,41,49,2,8,16/10/2012,2012
530,16,29,37,40,44,8,10,19/10/2012,2012
531,1,28,35,38,50,2,10,23/10/2012,2012
532,5,6,9,27,38,5,11,26/10/2012,2012
533,23,24,25,31,44,2,3,30/10/2012,2012
534,3,6,10,11,44,3,4,02/11/2012,2012
535,7,20,25,35,41,1,9,06/11/2012,2012
536,14,21,22,28,47,4,5,09/11/2012,2012
537,11,16,21,24,29,2,6,13/11/2012,2012
538,10,15,19,23,41,2,9,16/11/2012,2012
539,28,30,42,45,49,5,10,20/11/2012,2012
540,1,9,11,20,40,1,5,23/11/2012,2012
541,6,10,23,44,49,1,7,27/11/2012,2012
542,10,18,23,24,40,3,4,30/11/2012,2012
543,5,10,28,29,44,2,4,04/12/2012,2012
544,10,16,18,31,42,2,5,07/12/2012,2012
545,1,4,9,43,50,6,8,11/12/2012,2012
546,10,11,29,40,43,3,11,14/12/2012,2012
547,14,18,20,35,44,2,5,18/12/2012,2012
548,3,5,22,40,42,3,10,21/12/2012,2012
549,14,18,20,23,32,3,10,25/12/2012,2012
550,17,24,26,27,49,3,5,28/12/2012,2012
551,2,7,8,36,49,1,11,01/01/2013,2013
552,4,10,22,27,41,8,10,04/01/2013,2013
553,2,20,22,26,47,5,9,08/01/2013,2013
554,4,22,29,37,41,4,7,11/01/2013,2013
555,22,38,40,42,47,1,11,15/01/2013,2013
556,4,26,27,30,39,3,10,18/01/2013,2013
557,1,10,44,45,48,1,4,22/01/2013,2013
558,3,10,18,31,37,2,4,25/01/2013,2013
559,9,16,26,36,39,2,6,29/01/2013,2013
560,5,21,34,37,38,1,6,01/02/2013,2013
561,6,25,31,40,45,6,7,05/02/2013,2013
562,9,11,14,34,44,10,11,08/02/2013,2013
563,5,11,16,25,28,7,9,12/02/2013,2013
564,2,4,22,28,42,4,9,15/02/2013,2013
565,12,15,28,30,44,8,9,19/02/2013,2013
566,15,16,28,36,37,2,11,22/02/2013,2013
567,3,12,13,17,30,2,6,26/02/2013,2013
568,1,11,29,36,42,4,5,01/03/2013,2013
569,8,19,31,33,39,2,7,05/03/2013,2013
570,3,20,23,28,42,8,11,08/03/2013,2013
571,2,4,10,22,50,5,8,12/03/2013,2013
572,4,14,21,24,39,3,10,15/03/2013,2013
573,19,32,35,37,44,1,9,19/03/2013,2013
574,12,27,32,34,49,8,9,22/03/2013,2013
575,4,26,30,42,44,6,11,26/03/2013,2013
576,13,30,43,44,46,5,9,29/03/2013,2013
577,12,17,25,29,41,1,4,02/04/2013,2013
578,1,11,17,32,39,2,7,05/04/2013,2013
579,15,35,38,44,48,5,10,09/04/2013,2013
580,5,10,15,28,45,3,9,12/04/2013,2013
581,1,11,22,33,50,4,6,16/04/2013,2013
582,1,8,42,46,48,4,7,19/04/2013,2013
583,1,4,7,10,50,4,11,23/04/2013,2013
584,11,16,24,38,40,2,5,26/04/2013,2013
585,13,36,40,43,50,5,9,30/04/2013,2013
586,3,5,34,40,49,2,3,03/05/2013,2013
587,13,27,28,42,43,4,6,07/05/2013,2013
588,1,32,35,45,48,4,11,10/05/2013,2013
589,7,8,24,27,36,5,11,14/05/2013,2013
590,6,20,24,25,50,9,10,17/05/2013,2013
591,7,8,19,28,29,5,9,21/05/2013,2013
592,7,17,22,27,40,2,3,24/05/2013,2013
593,8,13,26,34,38,3,11,28/05/2013,2013
594,27,28,29,34,43,5,10,31/05/2013,2013
595,31,33,34,37,40,1,6,04/06/2013,2013
596,7,14,26,45,50,2,7,07/06/2013,2013
597,5,7,9,25,41,1,5,11/06/2013,2013
598,10,25,41,47,48,6,10,14/06/2013,2013
599,17,24,33,41,44,1,11,18/06/2013,2013
600,10,11,30,36,45,1,2,21/06/2013,2013
601,4,5,13,27,35,1,2,25/06/2013,2013
602,1,15,28,35,47,1,7,28/06/2013,2013
603,11,13,14,28,30,4,5,02/07/2013,2013
604,4,12,15,28,33,1,10,05/07/2013,2013
605,16,18,31,38,49,4,10,09/07/2013,2013
606,18,26,32,33,42,2,3,12/07/2013,2013
607,19,23,34,47,50,4,6,16/07/2013,2013
608,13,16,24,26,35,2,5,19/07/2013,2013
609,14,15,16,19,44,4,5,23/07/2013,2013
610,12,23,29,38,49,3,4,26/07/2013,2013
611,3,4,11,14,43,1,6,30/07/2013,2013
612,21,36,37,42,48,4,7,02/08/2013,2013
613,16,17,31,47,49,3,11,06/08/2013,2013
614,4,7,9,23,24,8,9,09/08/2013,2013
615,5,17,20,47,50,1,4,13/08/2013,2013
616,20,24,27,37,39,5,10,16/08/2013,2013
617,5,11,42,49,50,8,11,20/08/2013,2013
618,1,6,26,30,37,5,8,23/08/2013,2013
619,7,30,38,40,43,2,6,27/08/2013,2013
620,2,17,25,36,45,5,9,30/08/2013,2013
621,5,9,16,18,42,7,9,03/09/2013,2013
622,11,23,25,32,37,4,7,06/09/2013,2013
623,7,11,14,28,30,2,10,10/09/2013,2013
624,4,6,14,27,33,5,10,13/09/2013,2013
625,13,17,21,42,44,9,11,17/09/2013,2013
626,5,11,35,38,45,2,3,20/09/2013,2013
627,10,20,26,28,43,9,11,24/09/2013,2013
628,11,15,38,41,43,2,6,27/09/2013,2013
629,19,23,25,44,48,8,9,01/10/2013,2013
630,6,20,24,35,50,5,10,04/10/2013,2013
631,23,24,26,33,42,3,5,08/10/2013,2013
632,6,12,17,23,43,5,9,11/10/2013,2013
633,18,27,39,43,47,4,7,15/10/2013,2013
634,5,25,36,46,47,2,6,18/10/2013,2013
635,29,33,39,41,44,9,11,22/10/2013,2013
636,2,3,10,31,38,6,10,25/10/2013,2013
637,9,10,30,32,37,2,6,29/10/2013,2013
638,7,19,29,30,33,3,8,01/11/2013,2013
639,6,12,13,35,38,2,3,05/11/2013,2013
640,20,28,35,42,43,8,10,08/11/2013,2013
641,14,29,37,40,48,2,11,12/11/2013,2013
642,3,13,15,29,42,1,4,15/11/2013,2013
643,14,15,19,36,45,1,10,19/11/2013,2013
644,13,25,26,40,50,8,9,22/11/2013,2013
645,19,23,27,42,44,3,5,26/11/2013,2013
646,2,7,10,23,43,4,7,29/11/2013,2013
647,6,13,15,29,32,2,9,03/12/2013,2013
648,1,2,18,31,36,7,10,06/12/2013,2013
649,6,24,35,49,50,1,7,10/12/2013,2013
650,1,22,23,24,31,6,11,13/12/2013,2013
651,6,8,27,37,41,7,10,17/12/2013,2013
652,12,13,17,22,43,3,10,20/12/2013,2013
653,5,19,31,43,50,2,6,24/12/2013,2013
654,1,6,13,22,28,5,10,27/12/2013,2013
655,13,20,24,29,45,3,7,31/12/2013,2013
656,3,27,31,38,44,3,8,03/01/2014,2014
657,2,20,27,33,45,6,10,07/01/2014,2014
658,1,2,11,27,29,1,10,10/01/2014,2014
659,18,20,25,26,37,10,11,14/01/2014,2014
660,19,26,32,33,42,4,10,17/01/2014,2014
661,4,12,35,42,48,5,8,21/01/2014,2014
662,5,19,34,35,41,1,5,24/01/2014,2014
663,18,20,23,42,48,2,9,28/01/2014,2014
664,8,10,15,16,31,8,9,31/01/2014,2014
665,1,21,33,37,38,4,8,04/02/2014,2014
666,3,17,19,46,47,9,10,07/02/2014,2014
667,8,17,25,41,47,1,2,11/02/2014,2014
668,2,4,6,19,39,2,7,14/02/2014,2014
669,23,26,36,37,49,6,7,18/02/2014,2014
670,13,17,28,30,32,5,7,21/02/2014,2014
671,21,25,28,35,42,4,6,25/02/2014,2014
672,12,32,38,43,44,2,7,28/02/2014,2014
673,3,5,22,27,44,1,6,04/03/2014,2014
674,5,10,38,40,41,1,8,07/03/2014,2014
675,1,4,23,33,44,7,8,11/03/2014,2014
676,6,24,25,27,30,5,9,14/03/2014,2014
677,8,27,34,36,39,5,10,18/03/2014,2014
678,7,30,37,39,42,5,7,21/03/2014,2014
679,7,20,26,28,50,2,8,25/03/2014,2014
680,3,4,19,28,43,3,7,28/03/2014,2014
681,16,18,26,38,44,8,10,01/04/2014,2014
682,6,10,28,45,50,10,11,04/04/2014,2014
683,11,18,29,42,49,4,11,08/04/2014,2014
684,8,12,19,30,33,4,11,11/04/2014,2014
685,3,14,26,47,50,7,11,15/04/2014,2014
686,21,24,31,39,47,3,7,18/04/2014,2014
687,13,15,20,24,46,1,8,22/04/2014,2014
688,13,21,24,44,49,1,9,25/04/2014,2014
689,18,23,26,35,44,3,11,29/04/2014,2014
690,4,30,31,38,42,2,11,02/05/2014,2014
691,5,19,24,31,37,1,9,06/05/2014,2014
692,3,21,26,28,45,7,10,09/05/2014,2014
693,4,13,30,34,47,2,6,13/05/2014,2014
694,23,26,29,37,40,3,4,16/05/2014,2014
695,5,33,36,38,47,4,9,20/05/2014,2014
696,3,8,31,34,47,9,11,23/05/2014,2014
697,7,13,16,25,26,1,6,27/05/2014,2014
698,5,24,27,41,45,6,7,30/05/2014,2014
699,2,15,32,39,44,5,10,03/06/2014,2014
700,7,25,34,40,49,9,11,06/06/2014,2014
701,12,18,21,32,33,1,11,10/06/2014,2014
702,16,18,22,28,46,9,11,13/06/2014,2014
703,11,13,37,40,48,8,9,17/06/2014,2014
704,5,15,25,38,49,1,2,20/06/2014,2014
705,1,7,20,21,48,4,7,24/06/2014,2014
706,31,33,34,39,45,2,10,27/06/2014,2014
707,18,22,25,27,39,5,10,01/07/2014,2014
708,4,18,39,43,47,2,6,04/07/2014,2014
709,8,18,22,24,27,4,11,08/07/2014,2014
710,5,22,35,38,49,4,7,11/07/2014,2014
711,15,18,20,27,34,1,3,15/07/2014,2014
712,1,11,29,41,43,3,11,18/07/2014,2014
713,1,24,43,45,50,5,8,22/07/2014,2014
714,9,10,12,24,43,5,9,25/07/2014,2014
715,10,23,35,40,43,3,9,29/07/2014,2014
716,24,44,46,48,50,5,10,01/08/2014,2014
717,5,7,19,21,42,5,11,05/08/2014,2014
718,21,29,35,43,46,1,9,08/08/2014,2014
719,7,16,19,22,33,2,5,12/08/2014,2014
720,4,5,21,23,30,8,10,15/08/2014,2014
721,4,7,11,34,47,7,8,19/08/2014,2014
722,4,17,29,35,49,1,2,22/08/2014,2014
723,10,22,36,45,48,4,11,26/08/2014,2014
724,2,9,26,32,38,3,6,29/08/2014,2014
725,5,25,31,39,45,1,8,02/09/2014,2014
726,1,18,23,46,50,3,9,05/09/2014,2014
727,8,15,19,24,35,8,10,09/09/2014,2014
728,9,13,26,31,33,7,11,12/09/2014,2014
729,4,29,30,35,50,2,4,16/09/2014,2014
730,6,8,34,38,48,3,9,19/09/2014,2014
731,12,13,14,29,35,1,7,23/09/2014,2014
732,13,27,35,46,47,1,2,26/09/2014,2014
733,3,13,15,33,42,5,7,30/09/2014,2014
734,4,13,23,48,50,5,10,03/10/2014,2014
735,9,21,28,30,38,1,8,07/10/2014,2014
736,6,29,42,45,47,9,10,10/10/2014,2014
737,4,5,15,23,32,3,7,14/10/2014,2014
738,1,13,40,48,49,8,10,17/10/2014,2014
739,20,21,27,33,40,3,10,21/10/2014,2014
740,3,9,20,30,42,1,6,24/10/2014,2014
741,10,15,17,40,45,1,2,28/10/2014,2014
742,10,13,20,33,41,3,9,31/10/2014,2014
743,1,6,13,17,26,3,5,04/11/2014,2014
744,13,25,32,38,46,1,10,07/11/2014,2014
745,2,14,21,36,46,7,11,11/11/2014,2014
746,17,32,36,38,48,5,8,14/11/2014,2014
747,2,3,17,36,38,4,11,18/11/2014,2014
748,4,7,28,32,37,5,10,21/11/2014,2014
749,3,7,25,32,36,1,6,25/11/2014,2014
750,6,10,15,23,41,4,10,28/11/2014,2014
751,3,15,25,44,49,1,9,02/12/2014,2014
752,5,8,37,47,48,2,3,05/12/2014,2014
753,1,3,31,42,46,4,11,09/12/2014,2014
754,2,15,28,31,37,4,6,12/12/2014,2014
755,3,7,12,13,25,5,8,16/12/2014,2014
756,23,29,31,39,44,5,8,19/12/2014,2014
757,8,9,19,25,49,2,10,23/12/2014,2014
758,17,26,27,45,49,2,3,26/12/2014,2014
759,6,18,39,44,50,8,11,30/12/2014,2014
760,22,24,25,28,49,3,6,02/01/2015,2015
761,14,20,30,38,49,3,4,06/01/2015,2015
762,6,21,24,32,45,1,11,09/01/2015,2015
763,8,17,21,31,34,9,10,13/01/2015,2015
764,29,30,32,34,46,3,6,16/01/2015,2015
765,15,33,41,44,47,8,10,20/01/2015,2015
766,6,29,30,38,45,1,8,23/01/2015,2015
767,5,10,31,33,40,8,10,27/01/2015,2015
768,9,13,15,19,24,3,8,30/01/2015,2015
769,17,31,33,44,50,7,11,03/02/2015,2015
770,10,26,30,39,50,7,8,06/02/2015,2015
771,13,17,20,30,45,9,10,10/02/2015,2015
772,12,24,39,42,44,3,11,13/02/2015,2015
773,2,5,18,30,43,1,10,17/02/2015,2015
774,4,10,14,37,46,4,7,20/02/2015,2015
775,3,25,28,34,50,1,11,24/02/2015,2015
776,5,14,17,25,47,9,10,27/02/2015,2015
777,6,8,11,13,21,7,8,03/03/2015,2015
778,23,30,47,49,50,2,7,06/03/2015,2015
779,2,6,23,30,31,2,10,10/03/2015,2015
780,4,5,18,22,23,1,3,13/03/2015,2015
781,11,23,26,38,44,1,8,17/03/2015,2015
782,3,14,37,42,48,1,10,20/03/2015,2015
783,10,24,26,39,40,3,10,24/03/2015,2015
784,2,30,32,39,44,6,10,27/03/2015,2015
785,8,20,24,28,49,8,9,31/03/2015,2015
786,27,29,37,39,49,2,4,03/04/2015,2015
787,18,25,39,44,50,5,8,07/04/2015,2015
788,22,23,25,30,43,5,9,10/04/2015,2015
789,24,32,34,35,49,1,2,14/04/2015,2015
790,2,24,30,34,39,8,11,17/04/2015,2015
791,6,14,17,42,45,1,8,21/04/2015,2015
792,5,19,29,31,40,3,10,24/04/2015,2015
793,24,26,28,36,45,7,10,28/04/2015,2015
794,3,19,20,25,26,6,10,01/05/2015,2015
795,1,10,17,20,42,8,9,05/05/2015,2015
796,7,14,19,47,49,3,10,08/05/2015,2015
797,14,29,30,40,46,3,6,12/05/2015,2015
798,5,35,42,44,47,8,9,15/05/2015,2015
799,26,30,31,35,37,8,11,19/05/2015,2015
800,18,24,35,44,45,5,11,22/05/2015,2015
801,5,6,7,21,24,5,6,26/05/2015,2015
802,3,4,20,45,48,6,8,29/05/2015,2015
803,7,23,29,37,41,1,8,02/06/2015,2015
804,2,7,8,45,48,1,9,05/06/2015,2015
805,5,9,17,32,34,6,8,09/06/2015,2015
806,5,8,10,11,37,7,9,12/06/2015,2015
807,10,15,16,36,37,3,9,16/06/2015,2015
808,7,14,20,31,42,3,9,19/06/2015,2015
809,4,16,22,38,49,6,9,23/06/2015,2015
810,3,6,10,19,24,5,7,26/06/2015,2015
811,11,15,28,34,37,1,8,30/06/2015,2015
812,11,12,15,18,44,3,9,03/07/2015,2015
813,6,7,18,33,41,3,10,07/07/2015,2015
814,5,8,15,35,41,4,5,10/07/2015,2015
815,6,18,19,34,36,1,8,14/07/2015,2015
816,1,21,22,43,48,7,9,17/07/2015,2015
817,14,20,27,29,44,7,10,21/07/2015,2015
818,2,9,21,35,46,2,11,24/07/2015,2015
819,23,32,36,43,49,7,8,28/07/2015,2015
820,16,21,34,40,50,6,9,31/07/2015,2015
821,10,15,39,45,50,9,10,04/08/2015,2015
822,1,5,21,39,44,4,11,07/08/2015,2015
823,2,3,8,15,16,4,11,11/08/2015,2015
824,4,7,39,44,45,3,5,14/08/2015,2015
825,7,10,11,12,19,2,9,18/08/2015,2015
826,4,16,18,43,47,6,10,21/08/2015,2015
827,27,31,33,42,50,2,5,25/08/2015,2015
828,11,29,30,31,34,4,7,28/08/2015,2015
829,6,19,21,27,45,1,8,01/09/2015,2015
830,8,9,27,45,50,8,10,04/09/2015,2015
831,14,16,39,40,42,1,4,08/09/2015,2015
832,10,18,19,29,50,1,9,11/09/2015,2015
833,8,15,17,44,49,5,8,15/09/2015,2015
834,7,29,33,34,39,7,8,18/09/2015,2015
835,14,23,26,27,29,7,10,22/09/2015,2015
836,13,14,23,30,37,2,8,25/09/2015,2015
837,11,14,26,29,49,3,9,29/09/2015,2015
838,7,18,21,32,35,2,11,02/10/2015,2015
839,11,20,22,29,32,1,8,06/10/2015,2015
840,1,40,42,43,47,9,11,09/10/2015,2015
841,12,15,26,29,47,3,11,13/10/2015,2015
842,7,28,29,43,48,3,10,16/10/2015,2015
843,17,19,21,30,45,8,10,20/10/2015,2015
844,7,25,30,32,39,2,8,23/10/2015,2015
845,11,12,20,25,36,6,9,27/10/2015,2015
846,8,13,17,21,34,6,7,30/10/2015,2015
847,8,27,39,46,49,2,6,03/11/2015,2015
848,3,17,26,38,40,4,10,06/11/2015,2015
849,6,13,18,39,43,2,8,10/11/2015,2015
850,10,17,18,33,40,2,8,13/11/2015,2015
851,6,7,23,37,38,10,11,17/11/2015,2015
852,4,30,34,46,49,7,8,20/11/2015,2015
853,9,14,16,17,26,10,11,24/11/2015,2015
854,16,29,30,37,50,6,8,27/11/2015,2015
855,2,15,25,35,45,8,10,01/12/2015,2015
856,8,17,18,27,39,1,7,04/12/2015,2015
857,12,17,29,38,48,9,11,08/12/2015,2015
858,3,5,21,40,43,6,11,11/12/2015,2015
859,8,11,23,27,35,4,11,15/12/2015,2015
860,6,22,26,29,48,5,6,18/12/2015,2015
861,18,19,20,40,41,7,10,22/12/2015,2015
862,3,10,25,27,40,3,9,25/12/2015,2015
863,5,20,31,32,36,6,7,29/12/2015,2015
864,4,37,38,39,44,4,7,01/01/2016,2016
865,6,10,31,36,39,6,10,05/01/2016,2016
866,5,26,33,35,40,3,8,08/01/2016,2016
867,1,2,10,30,44,1,8,12/01/2016,2016
868,10,19,38,43,46,1,11,15/01/2016,2016
869,2,30,38,43,46,2,7,19/01/2016,2016
870,10,12,27,30,47,8,9,22/01/2016,2016
871,15,24,38,40,48,2,9,26/01/2016,2016
872,1,5,23,29,32,1,7,29/01/2016,2016
873,6,9,10,21,36,2,6,02/02/2016,2016
874,3,27,32,41,46,4,8,05/02/2016,2016
875,6,9,13,28,37,4,5,09/02/2016,2016
876,3,20,28,31,49,2,5,12/02/2016,2016
877,3,10,22,37,50,6,10,16/02/2016,2016
878,13,14,30,32,39,3,9,19/02/2016,2016
879,23,25,32,37,42,1,11,23/02/2016,2016
880,5,13,15,33,50,9,11,26/02/2016,2016
881,4,7,13,28,37,10,11,01/03/2016,2016
882,9,14,16,23,40,1,5,04/03/2016,2016
883,1,8,9,14,23,1,7,08/03/2016,2016
884,1,21,26,40,43,6,9,11/03/2016,2016
885,5,7,10,34,44,2,10,15/03/2016,2016
886,14,19,21,24,49,5,11,18/03/2016,2016
887,12,15,26,42,49,5,8,22/03/2016,2016
888,12,19,36,42,43,5,8,25/03/2016,2016
889,1,4,19,25,36,3,11,29/03/2016,2016
890,2,16,23,25,49,6,9,01/04/2016,2016
891,3,5,9,19,40,2,5,05/04/2016,2016
892,6,8,26,43,49,6,10,08/04/2016,2016
893,1,5,9,22,38,2,10,12/04/2016,2016
894,13,14,32,37,48,1,7,15/04/2016,2016
895,11,14,15,27,44,2,7,19/04/2016,2016
896,17,26,32,34,43,2,10,22/04/2016,2016
897,10,17,31,32,42,2,5,26/04/2016,2016
898,4,5,25,28,43,6,11,29/04/2016,2016
899,8,23,24,34,38,3,7,03/05/2016,2016
900,32,34,40,45,48,1,10,06/05/2016,2016
901,2,26,27,40,49,5,10,10/05/2016,2016
902,7,15,28,31,42,10,11,13/05/2016,2016
903,15,27,32,36,39,3,10,17/05/2016,2016
904,9,14,30,41,45,4,9,20/05/2016,2016
905,16,17,23,34,37,6,9,24/05/2016,2016
906,13,25,27,43,46,4,8,27/05/2016,2016
907,6,12,26,30,48,6,7,31/05/2016,2016
908,7,23,31,33,39,6,10,03/06/2016,2016
909,19,26,35,45,49,2,5,07/06/2016,2016
910,14,21,35,42,43,7,9,10/06/2016,2016
911,13,34,39,42,50,9,11,14/06/2016,2016
912,1,7,18,27,43,4,8,17/06/2016,2016
913,5,17,32,35,49,1,5,21/06/2016,2016
914,11,19,27,28,39,3,10,24/06/2016,2016
915,26,32,37,43,49,4,5,28/06/2016,2016
916,2,11,13,40,50,1,10,01/07/2016,2016
917,1,10,29,38,48,3,4,05/07/2016,2016
918,8,12,18,33,44,4,8,08/07/2016,2016
919,3,7,26,33,41,2,10,12/07/2016,2016
920,2,11,13,14,21,1,8,15/07/2016,2016
921,19,24,28,36,37,3,6,19/07/2016,2016
922,7,24,26,37,45,5,9,22/07/2016,2016
923,3,10,13,45,49,2,11,26/07/2016,2016
924,1,21,26,40,50,2,4,29/07/2016,2016
925,2,8,27,38,46,2,11,02/08/2016,2016
926,16,19,24,35,37,2,7,05/08/2016,2016
927,12,19,43,44,45,5,10,09/08/2016,2016
928,2,15,28,36,50,2,11,12/08/2016,2016
929,2,26,34,37,46,4,8,16/08/2016,2016
930,5,6,22,25,34,5,7,19/08/2016,2016
931,2,23,31,37,45,4,8,23/08/2016,2016
932,1,9,28,30,48,7,8,26/08/2016,2016
933,13,16,29,35,42,6,8,30/08/2016,2016
934,8,16,32,40,50,2,11,02/09/2016,2016
935,12,24,30,34,45,7,10,06/09/2016,2016
936,4,11,15,17,28,1,3,09/09/2016,2016
937,4,7,16,35,44,1,3,13/09/2016,2016
938,5,8,14,22,32,2,11,16/09/2016,2016
939,1,4,10,41,45,6,9,20/09/2016,2016
940,14,16,39,42,49,3,9,23/09/2016,2016
941,6,9,13,39,41,2,12,27/09/2016,2016
942,17,35,37,43,44,2,10,30/09/2016,2016
943,4,7,14,34,38,4,11,04/10/2016,2016
944,2,12,20,27,30,9,11,07/10/2016,2016
945,5,12,20,24,37,4,11,11/10/2016,2016
946,7,13,19,31,34,1,11,14/10/2016,2016
947,2,17,21,25,27,6,9,18/10/2016,2016
948,9,20,23,44,48,8,10,21/10/2016,2016
949,3,15,20,21,28,1,5,25/10/2016,2016
950,10,16,19,23,43,2,8,28/10/2016,2016
951,6,10,20,29,37,1,9,01/11/2016,2016
952,7,11,12,44,48,3,7,04/11/2016,2016
953,5,9,47,49,50,8,9,08/11/2016,2016
954,3,22,23,38,49,2,9,11/11/2016,2016
955,7,15,36,42,48,3,7,15/11/2016,2016
956,3,12,27,32,47,6,8,18/11/2016,2016
957,5,10,33,34,47,2,10,22/11/2016,2016
958,5,11,17,23,28,10,11,25/11/2016,2016
959,21,26,27,28,38,9,11,29/11/2016,2016
960,6,11,23,31,32,2,12,02/12/2016,2016
961,1,7,11,27,45,4,9,06/12/2016,2016
962,6,12,28,37,40,1,5,09/12/2016,2016
963,14,28,29,48,50,2,8,13/12/2016,2016
964,6,10,30,41,45,4,11,16/12/2016,2016
965,13,15,17,21,27,2,3,20/12/2016,2016
966,4,16,20,39,46,2,5,23/12/2016,2016
967,3,22,25,32,39,7,12,27/12/2016,2016
968,8,10,22,29,47,1,3,30/12/2016,2016
969,19,23,27,34,49,1,11,03/01/2017,2017
970,10,14,18,21,49,9,11,06/01/2017,2017
971,2,11,29,35,44,4,9,10/01/2017,2017
972,3,7,16,26,50,4,7,13/01/2017,2017
973,4,16,25,43,47,2,10,17/01/2017,2017
974,10,17,27,31,49,3,5,20/01/2017,2017
975,1,5,7,17,23,3,8,24/01/2017,2017
976,17,20,28,45,48,5,9,27/01/2017,2017
977,3,4,17,23,44,6,9,31/01/2017,2017
978,3,4,15,46,50,5,9,03/02/2017,2017
979,4,10,31,38,44,8,10,07/02/2017,2017
980,7,21,26,35,43,2,9,10/02/2017,2017
981,2,10,24,40,44,3,10,14/02/2017,2017
982,19,25,33,36,48,2,9,17/02/2017,2017
983,13,19,41,45,49,3,4,21/02/2017,2017
984,2,4,13,22,43,8,9,24/02/2017,2017
985,10,20,31,35,42,2,12,28/02/2017,2017
986,2,11,29,30,47,1,12,03/03/2017,2017
987,6,37,41,48,50,4,5,07/03/2017,2017
988,31,36,38,47,49,8,11,10/03/2017,2017
989,3,5,21,36,44,3,6,14/03/2017,2017
990,6,10,19,29,36,3,9,17/03/2017,2017
991,1,20,23,44,47,4,11,21/03/2017,2017
992,2,17,21,27,34,5,9,24/03/2017,2017
993,9,13,31,33,46,6,10,28/03/2017,2017
994,17,24,26,28,45,4,12,31/03/2017,2017
995,1,9,24,33,34,2,6,04/04/2017,2017
996,2,10,19,35,50,6,7,07/04/2017,2017
997,5,21,22,31,49,2,8,11/04/2017,2017
998,4,14,20,23,33,6,10,14/04/2017,2017
999,17,22,31,38,45,5,12,18/04/2017,2017
1000,2,13,16,22,49,4,5,21/04/2017,2017
1001,9,11,19,32,43,3,9,25/04/2017,2017
1002,14,20,25,30,39,2,8,28/04/2017,2017
1003,6,19,23,25,27,11,12,02/05/2017,2017
1004,3,7,30,35,43,1,3,05/05/2017,2017
1005,8,12,16,22,26,6,7,09/05/2017,2017
1006,2,20,28,29,44,3,9,12/05/2017,2017
1007,8,11,15,20,30,3,8,16/05/2017,2017
1008,9,11,12,19,30,4,9,19/05/2017,2017
1009,8,15,25,27,42,1,4,23/05/2017,2017
1010,5,7,26,36,39,2,10,26/05/2017,2017
1011,7,12,27,38,48,6,9,30/05/2017,2017
1012,8,10,24,33,42,3,9,02/06/2017,2017
1013,20,22,25,37,40,3,7,06/06/2017,2017
1014,9,20,27,39,43,10,11,09/06/2017,2017
1015,3,12,22,27,49,4,11,13/06/2017,2017
1016,15,17,38,41,42,9,12,16/06/2017,2017
1017,11,18,26,43,44,8,10,20/06/2017,2017
1018,3,4,21,31,38,3,7,23/06/2017,2017
1019,9,17,21,28,45,1,3,27/06/2017,2017
1020,17,35,39,47,50,6,8,30/06/2017,2017
1021,10,22,25,37,49,5,8,04/07/2017,2017
1022,11,20,35,37,45,3,6,07/07/2017,2017
1023,14,22,26,42,50,8,10,11/07/2017,2017
1024,11,14,20,21,47,7,10,14/07/2017,2017
1025,1,25,27,41,45,5,7,18/07/2017,2017
1026,1,8,9,26,49,5,9,21/07/2017,2017
1027,12,14,43,44,48,2,11,25/07/2017,2017
1028,5,9,29,31,41,2,4,28/07/2017,2017
1029,14,21,24,29,30,8,10,01/08/2017,2017
1030,29,30,36,40,41,2,9,04/08/2017,2017
1031,15,25,26,40,41,4,5,08/08/2017,2017
1032,18,28,39,46,48,5,12,11/08/2017,2017
1033,10,14,30,35,46,4,10,15/08/2017,2017
1034,2,24,39,42,45,2,8,18/08/2017,2017
1035,3,10,12,17,27,3,5,22/08/2017,2017
1036,1,5,7,15,47,9,12,25/08/2017,2017
1037,4,12,15,32,38,1,5,29/08/2017,2017
1038,3,7,8,14,49,5,8,01/09/2017,2017
1039,6,9,18,28,29,1,9,05/09/2017,2017
1040,9,24,42,47,49,1,5,08/09/2017,2017
1041,10,17,27,29,35,4,11,12/09/2017,2017
1042,13,18,37,44,49,9,12,15/09/2017,2017
1043,1,8,21,30,45,2,3,19/09/2017,2017
1044,6,11,31,39,42,1,3,22/09/2017,2017
1045,1,29,40,41,48,6,12,26/09/2017,2017
1046,7,18,19,32,48,3,7,29/09/2017,2017
1047,6,24,32,48,50,1,5,03/10/2017,2017
1048,1,9,15,19,25,1,7,06/10/2017,2017
1049,4,21,34,36,37,3,6,10/10/2017,2017
1050,23,29,37,45,50,5,11,13/10/2017,2017
1051,13,17,19,26,36,2,3,17/10/2017,2017
1052,4,17,23,27,30,3,8,20/10/2017,2017
1053,9,11,13,27,33,7,10,24/10/2017,2017
1054,3,16,23,32,39,1,4,27/10/2017,2017
1055,1,12,36,43,46,3,5,31/10/2017,2017
1056,5,12,17,33,41,4,9,03/11/2017,2017
1057,7,19,20,37,41,2,12,07/11/2017,2017
1058,13,22,29,36,37,1,9,10/11/2017,2017
1059,14,16,39,40,41,8,10,14/11/2017,2017
1060,20,26,35,36,42,5,12,17/11/2017,2017
1061,2,10,14,28,31,5,7,21/11/2017,2017
1062,19,24,28,30,50,3,10,24/11/2017,2017
1063,1,6,12,18,42,2,7,28/11/2017,2017
1064,5,24,29,35,46,11,12,01/12/2017,2017
1065,11,36,43,44,48,2,7,05/12/2017,2017
1066,4,22,30,32,34,3,4,08/12/2017,2017
1067,20,37,39,44,50,4,8,12/12/2017,2017
1068,25,30,31,42,50,2,11,15/12/2017,2017
1069,8,15,30,38,46,4,7,19/12/2017,2017
1070,5,24,30,31,43,3,6,22/12/2017,2017
1071,4,17,30,43,44,2,10,26/12/2017,2017
1072,4,8,22,23,48,1,12,29/12/2017,2017
1073,10,20,21,28,48,1,8,02/01/2018,2018
1074,2,5,20,38,41,4,8,05/01/2018,2018
1075,6,12,15,38,49,2,9,09/01/2018,2018
1076,13,21,23,30,45,4,6,12/01/2018,2018
1077,20,23,31,34,46,3,12,16/01/2018,2018
1078,3,8,17,44,50,2,7,19/01/2018,2018
1079,5,8,9,23,24,7,8,23/01/2018,2018
1080,6,15,24,28,48,4,9,26/01/2018,2018
1081,11,15,21,27,35,4,5,30/01/2018,2018
1082,14,34,36,39,48,2,3,02/02/2018,2018
1083,8,17,28,34,38,6,12,06/02/2018,2018
1084,22,31,36,38,44,1,11,09/02/2018,2018
1085,10,13,17,21,44,1,10,13/02/2018,2018
1086,10,12,23,32,50,4,10,16/02/2018,2018
1087,6,14,19,25,29,5,11,20/02/2018,2018
1088,10,17,18,28,47,3,7,23/02/2018,2018
1089,3,31,41,48,50,8,11,27/02/2018,2018
1090,2,7,34,45,48,1,12,02/03/2018,2018
1091,15,20,26,31,44,2,9,06/03/2018,2018
1092,9,14,21,32,44,1,12,09/03/2018,2018
1093,9,11,13,33,49,6,12,13/03/2018,2018
1094,4,17,24,27,31,10,11,16/03/2018,2018
1095,26,29,37,39,44,9,11,20/03/2018,2018
1096,5,7,11,46,50,8,11,23/03/2018,2018
1097,17,20,23,40,46,9,10,27/03/2018,2018
1098,12,17,28,35,47,7,11,30/03/2018,2018
1099,3,8,16,40,43,5,8,03/04/2018,2018
1100,1,29,33,45,47,4,8,06/04/2018,2018
1101,14,27,39,46,48,11,12,10/04/2018,2018
1102,5,25,34,48,50,6,7,13/04/2018,2018
1103,15,27,33,39,50,4,6,17/04/2018,2018
1104,3,16,25,39,44,7,11,20/04/2018,2018
1105,20,23,28,30,44,3,7,24/04/2018,2018
1106,12,24,40,41,46,5,12,27/04/2018,2018
1107,6,15,17,42,48,4,6,01/05/2018,2018
1108,6,12,23,39,45,9,12,04/05/2018,2018
1109,17,25,35,39,44,2,5,08/05/2018,2018
1110,3,22,34,49,50,8,11,11/05/2018,2018
1111,4,16,20,31,39,2,12,15/05/2018,2018
1112,5,8,10,13,31,3,6,18/05/2018,2018
1113,1,11,37,41,48,8,12,22/05/2018,2018
1114,13,15,16,28,41,4,5,25/05/2018,2018
1115,6,11,20,38,43,2,4,29/05/2018,2018
1116,17,18,24,29,40,4,5,01/06/2018,2018
1117,9,15,22,39,46,4,5,05/06/2018,2018
1118,8,19,32,43,46,2,8,08/06/2018,2018
1119,7,21,23,36,38,6,8,12/06/2018,2018
1120,23,26,33,38,49,1,12,15/06/2018,2018
1121,7,19,26,42,50,4,9,19/06/2018,2018
1122,14,25,39,41,44,2,8,22/06/2018,2018
1123,15,16,20,34,50,4,7,26/06/2018,2018
1124,15,21,23,40,48,3,12,29/06/2018,2018
1125,1,12,15,29,48,3,5,03/07/2018,2018
1126,8,30,33,38,48,2,10,06/07/2018,2018
1127,3,8,26,33,45,7,10,10/07/2018,2018
1128,1,4,14,21,49,2,12,13/07/2018,2018
1129,4,6,27,48,50,1,11,17/07/2018,2018
1130,2,15,40,43,46,3,6,20/07/2018,2018
1131,2,4,23,39,40,3,9,24/07/2018,2018
1132,11,17,22,23,41,6,11,27/07/2018,2018
1133,20,25,34,42,45,6,11,31/07/2018,2018
1134,7,26,36,38,43,6,12,03/08/2018,2018
1135,16,28,29,30,36,8,10,07/08/2018,2018
1136,18,20,36,43,44,3,9,10/08/2018,2018
1137,1,15,18,25,31,9,11,14/08/2018,2018
1138,2,15,18,24,43,8,12,17/08/2018,2018
1139,16,23,42,43,49,10,12,21/08/2018,2018
1140,3,14,31,36,50,1,12,24/08/2018,2018
1141,4,16,32,42,46,8,12,28/08/2018,2018
1142,4,30,31,38,42,4,6,31/08/2018,2018
1143,5,14,28,30,47,4,11,04/09/2018,2018
1144,4,23,27,31,50,1,8,07/09/2018,2018
1145,9,18,32,38,46,2,3,11/09/2018,2018
1146,1,3,33,40,45,3,4,14/09/2018,2018
1147,3,8,10,32,45,4,12,18/09/2018,2018
1148,5,7,21,35,37,3,4,21/09/2018,2018
1149,6,15,20,30,38,4,7,25/09/2018,2018
1150,2,4,8,27,50,2,9,28/09/2018,2018
1151,7,17,29,37,45,3,11,02/10/2018,2018
1152,8,16,24,26,35,3,11,05/10/2018,2018
1153,3,12,36,44,45,8,11,09/10/2018,2018
1154,4,9,12,31,43,5,8,12/10/2018,2018
1155,15,28,37,40,42,1,6,16/10/2018,2018
1156,1,3,29,47,48,3,12,19/10/2018,2018
1157,1,2,5,21,32,2,12,23/10/2018,2018
1158,5,18,21,31,35,6,9,26/10/2018,2018
1159,17,23,27,43,44,1,12,30/10/2018,2018
1160,5,15,17,37,44,7,11,02/11/2018,2018
1161,14,24,36,40,43,2,9,06/11/2018,2018
1162,14,17,32,37,49,11,12,09/11/2018,2018
1163,2,7,10,13,42,3,6,13/11/2018,2018
1164,9,10,13,28,41,1,12,16/11/2018,2018
1165,6,19,39,45,48,7,12,20/11/2018,2018
1166,5,8,25,26,30,3,10,23/11/2018,2018
1167,4,16,17,18,32,2,11,27/11/2018,2018
1168,3,10,12,23,26,1,12,30/11/2018,2018
1169,19,20,21,42,45,8,9,04/12/2018,2018
1170,11,17,26,37,48,1,10,07/12/2018,2018
1171,4,7,13,23,42,1,3,11/12/2018,2018
1172,12,29,38,42,44,2,12,14/12/2018,2018
1173,1,9,18,39,48,5,7,18/12/2018,2018
1174,2,12,15,34,50,3,4,21/12/2018,2018
1175,4,5,8,31,43,2,9,25/12/2018,2018
1176,13,16,34,35,45,10,12,28/12/2018,2018
1177,1,8,11,25,28,4,6,01/01/2019,2019
1178,7,11,19,27,37,6,10,04/01/2019,2019
1179,3,19,22,31,32,2,11,08/01/2019,2019
1180,1,19,31,39,48,1,6,11/01/2019,2019
1181,22,25,29,33,35,3,6,15/01/2019,2019
1182,5,6,16,30,46,5,10,18/01/2019,2019
1183,9,23,29,41,49,8,10,22/01/2019,2019
1184,1,6,13,15,16,6,10,25/01/2019,2019
1185,14,24,26,32,39,3,8,29/01/2019,2019
1186,3,21,26,41,46,1,6,01/02/2019,2019
1187,14,25,31,37,43,2,3,05/02/2019,2019
1188,11,12,13,39,46,7,10,08/02/2019,2019
1189,6,34,36,41,50,1,5,12/02/2019,2019
1190,15,27,34,38,49,2,10,15/02/2019,2019
1191,1,8,18,19,39,7,9,19/02/2019,2019
1192,3,27,29,33,50,3,7,22/02/2019,2019
1193,3,15,29,35,47,3,4,26/02/2019,2019
1194,6,9,19,26,31,11,12,01/03/2019,2019
1195,6,10,16,39,46,8,11,05/03/2019,2019
1196,17,18,19,24,40,4,8,08/03/2019,2019
1197,5,7,13,19,31,2,9,12/03/2019,2019
1198,3,15,24,42,46,9,12,15/03/2019,2019
1199,1,6,9,34,47,7,12,19/03/2019,2019
1200,4,17,26,30,43,6,11,22/03/2019,2019
1201,12,19,23,43,47,2,6,26/03/2019,2019
1202,13,23,26,32,47,6,10,29/03/2019,2019
1203,2,9,16,26,36,6,7,02/04/2019,2019
1204,1,7,10,29,45,3,5,05/04/2019,2019
1205,18,21,29,38,41,1,11,09/04/2019,2019
1206,1,28,35,36,46,6,9,12/04/2019,2019
1207,1,8,15,44,49,2,11,16/04/2019,2019
1208,7,8,32,41,49,5,11,19/04/2019,2019
1209,18,23,27,42,44,2,7,23/04/2019,2019
1210,14,33,35,47,50,9,11,26/04/2019,2019
1211,5,12,20,26,48,2,11,30/04/2019,2019
1212,2,9,20,27,43,5,6,03/05/2019,2019
1213,7,20,26,32,47,2,11,07/05/2019,2019
1214,1,4,27,45,48,1,7,10/05/2019,2019
1215,10,14,17,25,50,2,10,14/05/2019,2019
1216,16,28,42,43,45,6,7,17/05/2019,2019
1217,32,33,34,39,47,8,12,21/05/2019,2019
1218,5,16,23,30,49,6,7,24/05/2019,2019
1219,7,19,20,28,29,1,5,28/05/2019,2019
1220,1,23,24,26,35,1,11,31/05/2019,2019
1221,9,31,32,39,41,2,8,04/06/2019,2019
1222,1,4,16,20,34,2,5,07/06/2019,2019
1223,25,27,39,42,46,11,12,11/06/2019,2019
1224,1,13,30,31,39,2,7,14/06/2019,2019
1225,12,24,37,40,44,3,7,18/06/2019,2019
1226,5,8,9,25,39,3,7,21/06/2019,2019
1227,6,26,27,34,46,1,9,25/06/2019,2019
1228,1,3,16,33,49,2,11,28/06/2019,2019
1229,11,19,29,44,45,8,12,02/07/2019,2019
1230,2,9,20,34,42,6,9,05/07/2019,2019
1231,7,29,32,36,41,6,7,09/07/2019,2019
1232,2,31,39,45,47,4,8,12/07/2019,2019
1233,3,5,13,18,39,7,8,16/07/2019,2019
1234,13,14,17,26,28,2,7,19/07/2019,2019
1235,1,14,19,23,38,3,7,23/07/2019,2019
1236,2,5,27,37,42,3,10,26/07/2019,2019
1237,15,20,23,27,40,3,6,30/07/2019,2019
1238,13,22,33,44,50,2,5,02/08/2019,2019
1239,12,13,29,36,38,4,12,06/08/2019,2019
1240,2,14,35,41,42,10,11,09/08/2019,2019
1241,13,29,31,33,40,2,3,13/08/2019,2019
1242,9,10,27,37,42,1,5,16/08/2019,2019
1243,20,22,23,24,37,1,4,20/08/2019,2019
1244,4,17,35,42,45,2,8,23/08/2019,2019
1245,8,26,35,43,47,1,9,27/08/2019,2019
1246,25,27,45,46,49,4,6,30/08/2019,2019
1247,7,11,38,39,44,7,10,03/09/2019,2019
1248,10,13,22,40,48,2,5,06/09/2019,2019
1249,3,22,25,30,49,3,6,10/09/2019,2019
1250,1,12,27,42,47,6,7,13/09/2019,2019
1251,22,37,43,44,45,1,12,17/09/2019,2019
1252,8,21,25,38,50,4,8,20/09/2019,2019
1253,2,33,42,47,48,1,2,24/09/2019,2019
1254,24,37,41,43,46,2,8,27/09/2019,2019
1255,2,11,18,40,46,1,4,01/10/2019,2019
1256,6,9,35,41,44,6,9,04/10/2019,2019
1257,7,10,15,44,49,3,12,08/10/2019,2019
1258,2,14,19,42,45,5,6,11/10/2019,2019
1259,3,28,31,32,34,4,5,15/10/2019,2019
1260,8,18,22,41,42,11,12,18/10/2019,2019
1261,2,5,32,33,47,7,8,22/10/2019,2019
1262,34,37,39,40,50,4,10,25/10/2019,2019
1263,16,18,28,42,49,5,10,29/10/2019,2019
1264,2,20,39,44,48,5,7,01/11/2019,2019
1265,9,14,25,33,48,2,12,05/11/2019,2019
1266,8,17,20,23,45,2,8,08/11/2019,2019
1267,1,21,23,25,39,2,4,12/11/2019,2019
1268,3,13,20,32,34,4,11,15/11/2019,2019
1269,8,10,15,30,42,4,6,19/11/2019,2019
1270,3,21,32,34,48,3,11,22/11/2019,2019
1271,2,3,15,19,34,5,8,26/11/2019,2019
1272,3,7,12,42,50,6,8,29/11/2019,2019
1273,18,31,32,38,48,4,12,03/12/2019,2019
1274,1,3,27,39,46,1,10,06/12/2019,2019
1275,2,10,19,21,47,2,8,10/12/2019,2019
1276,9,16,18,23,32,2,10,13/12/2019,2019
1277,1,7,12,25,49,6,9,17/12/2019,2019
1278,8,24,30,32,34,3,4,20/12/2019,2019
1279,3,11,13,14,47,3,6,24/12/2019,2019
1280,1,7,22,26,35,5,10,27/12/2019,2019
1281,26,31,33,41,48,2,4,31/12/2019,2019
1282,5,15,20,36,47,8,12,03/01/2020,2020
1283,5,8,12,37,43,6,11,07/01/2020,2020
1284,6,17,32,44,46,2,6,10/01/2020,2020
1285,21,25,29,39,44,8,9,14/01/2020,2020
1286,8,19,20,29,44,3,8,17/01/2020,2020
1287,10,11,24,36,46,3,5,21/01/2020,2020
1288,3,4,6,9,24,5,8,24/01/2020,2020
1289,1,19,27,31,38,4,5,28/01/2020,2020
1290,13,18,20,23,30,2,4,31/01/2020,2020
1291,21,23,33,35,47,6,7,04/02/2020,2020
1292,9,15,17,25,40,3,9,07/02/2020,2020
1293,24,26,32,43,46,6,10,11/02/2020,2020
1294,5,20,35,41,49,6,10,14/02/2020,2020
1295,11,32,34,38,47,2,10,18/02/2020,2020
1296,7,23,30,32,45,5,9,21/02/2020,2020
1297,1,4,18,27,42,4,6,25/02/2020,2020
1298,8,11,20,22,23,3,4,28/02/2020,2020
1299,4,14,27,44,45,1,10,03/03/2020,2020
1300,15,38,43,45,46,1,11,06/03/2020,2020
1301,11,23,30,37,43,5,12,10/03/2020,2020
1302,3,11,21,27,36,9,10,13/03/2020,2020
1303,5,7,8,16,20,2,12,17/03/2020,2020
1304,3,9,20,34,40,6,12,20/03/2020,2020
1305,7,12,26,30,33,10,11,24/03/2020,2020
1306,11,14,27,41,46,2,3,27/03/2020,2020
1307,12,17,24,30,36,1,9,31/03/2020,2020
1308,16,19,34,46,50,2,6,03/04/2020,2020
1309,4,5,14,33,48,7,12,07/04/2020,2020
1310,3,10,17,33,39,1,4,10/04/2020,2020
1311,6,29,34,35,40,4,11,14/04/2020,2020
1312,16,28,32,37,45,1,11,17/04/2020,2020
1313,10,11,14,23,28,6,8,21/04/2020,2020
1314,1,5,19,21,28,4,7,24/04/2020,2020
1315,15,23,26,28,32,1,5,28/04/2020,2020
1316,19,20,38,45,47,2,6,01/05/2020,2020
1317,2,10,22,27,41,2,3,05/05/2020,2020
1318,8,25,32,33,38,7,9,08/05/2020,2020
1319,9,16,29,37,39,4,11,12/05/2020,2020
1320,11,23,32,34,39,1,6,15/05/2020,2020
1321,5,25,32,37,43,6,7,19/05/2020,2020
1322,3,18,22,27,32,2,7,22/05/2020,2020
1323,4,9,14,21,27,4,6,26/05/2020,2020
1324,4,8,11,19,46,4,8,29/05/2020,2020
1325,10,12,22,26,49,7,11,02/06/2020,2020
1326,5,11,17,24,37,3,6,05/06/2020,2020
1327,5,15,27,36,46,2,8,09/06/2020,2020
1328,2,24,39,45,46,4,8,12/06/2020,2020
1329,4,9,11,17,39,2,10,16/06/2020,2020
1330,5,14,19,24,43,3,11,19/06/2020,2020
1331,2,12,19,46,49,1,8,23/06/2020,2020
1332,1,10,12,21,26,5,11,26/06/2020,2020
1333,1,6,11,28,42,2,10,30/06/2020,2020
1334,4,16,27,37,39,3,6,03/07/2020,2020
1335,12,16,23,33,41,8,10,07/07/2020,2020
1336,15,17,23,30,38,2,7,10/07/2020,2020
1337,11,22,30,37,47,9,10,14/07/2020,2020
1338,7,15,27,41,43,7,9,17/07/2020,2020
1339,14,15,24,29,42,2,4,21/07/2020,2020
1340,8,9,27,28,50,4,12,24/07/2020,2020
1341,9,13,15,17,34,2,7,28/07/2020,2020
1342,21,24,30,46,49,2,5,31/07/2020,2020
1343,1,2,5,15,42,5,8,04/08/2020,2020
1344,5,20,21,36,41,6,11,07/08/2020,2020
1345,8,13,14,42,50,3,9,11/08/2020,2020
1346,9,10,19,42,49,4,12,14/08/2020,2020
1347,6,12,17,34,42,5,12,18/08/2020,2020
1348,10,15,35,44,50,3,5,21/08/2020,2020
1349,7,18,30,37,39,8,10,25/08/2020,2020
1350,7,12,16,17,31,7,9,28/08/2020,2020
1351,4,8,10,33,46,8,11,01/09/2020,2020
1352,6,22,29,40,43,4,7,04/09/2020,2020
1353,2,9,31,35,41,9,12,08/09/2020,2020
1354,34,38,42,43,45,9,12,11/09/2020,2020
1355,16,20,25,30,38,6,8,15/09/2020,2020
1356,2,10,19,25,45,1,7,18/09/2020,2020
1357,16,25,28,39,40,1,6,22/09/2020,2020
1358,19,23,34,37,45,1,7,25/09/2020,2020
1359,4,14,16,41,44,11,12,29/09/2020,2020
1360,6,12,15,40,45,3,9,02/10/2020,2020
1361,4,21,36,41,47,9,11,06/10/2020,2020
1362,11,15,35,41,50,5,8,09/10/2020,2020
1363,5,14,38,41,46,1,10,13/10/2020,2020
1364,15,33,38,40,50,3,6,16/10/2020,2020
1365,5,6,15,37,42,3,4,20/10/2020,2020
1366,10,15,19,21,23,3,12,23/10/2020,2020
1367,13,15,28,32,44,3,12,27/10/2020,2020
1368,12,16,20,21,28,3,9,30/10/2020,2020
1369,5,7,18,20,30,6,7,03/11/2020,2020
1370,7,12,37,40,50,1,2,06/11/2020,2020
1371,3,19,29,32,38,5,12,10/11/2020,2020
1372,1,5,17,28,31,1,10,13/11/2020,2020
1373,16,19,25,30,44,2,6,17/11/2020,2020
1374,28,29,39,48,50,5,7,20/11/2020,2020
1375,25,33,38,42,50,8,12,24/11/2020,2020
1376,2,5,8,14,16,8,9,27/11/2020,2020
1377,14,20,29,47,49,4,12,01/12/2020,2020
1378,14,20,27,34,38,1,11,04/12/2020,2020
1379,1,4,21,24,46,2,12,08/12/2020,2020
1380,6,9,13,24,41,3,12,11/12/2020,2020
1381,9,13,21,29,35,1,2,15/12/2020,2020
1382,2,3,13,17,21,7,8,18/12/2020,2020
1383,2,10,16,42,50,4,11,22/12/2020,2020
1384,16,21,27,30,32,3,5,25/12/2020,2020
1385,7,32,39,40,45,3,8,29/12/2020,2020
1386,16,28,32,44,48,1,9,01/01/2021,2021
1387,12,34,37,38,42,1,3,05/01/2021,2021
1388,18,23,37,41,42,4,6,08/01/2021,2021
1389,2,10,18,34,35,6,9,12/01/2021,2021
1390,4,10,27,38,40,3,11,15/01/2021,2021
1391,25,27,31,35,43,5,6,19/01/2021,2021
1392,8,16,42,44,47,6,7,22/01/2021,2021
1393,5,7,25,37,40,2,8,26/01/2021,2021
1394,1,5,27,36,42,1,6,29/01/2021,2021
1395,18,20,35,38,48,9,12,02/02/2021,2021
1396,12,19,37,44,45,2,6,05/02/2021,2021
1397,5,10,24,31,37,9,10,09/02/2021,2021
1398,7,23,30,32,36,8,12,12/02/2021,2021
1399,5,9,25,29,30,6,7,16/02/2021,2021
1400,4,12,25,46,48,7,12,19/02/2021,2021
1401,9,18,30,39,45,1,3,23/02/2021,2021
1402,6,12,22,29,33,6,11,26/02/2021,2021
1403,2,19,24,26,49,6,7,02/03/2021,2021
1404,4,5,39,46,48,7,10,05/03/2021,2021
1405,1,16,21,32,33,11,12,09/03/2021,2021
1406,4,6,9,11,44,10,11,12/03/2021,2021
1407,23,25,32,35,47,2,6,16/03/2021,2021
1408,3,9,35,43,44,1,10,19/03/2021,2021
1409,2,26,29,36,49,3,9,23/03/2021,2021
1410,10,12,37,49,50,3,8,26/03/2021,2021
1411,24,27,28,29,42,4,8,30/03/2021,2021
1412,4,21,34,40,47,2,5,02/04/2021,2021
1413,2,21,37,38,50,7,8,06/04/2021,2021
1414,2,8,32,35,44,8,11,09/04/2021,2021
1415,16,20,31,47,50,2,8,13/04/2021,2021
1416,6,11,29,40,48,5,9,16/04/2021,2021
1417,5,17,28,41,46,10,11,20/04/2021,2021
1418,3,14,15,19,29,2,8,23/04/2021,2021
1419,13,14,24,35,49,1,10,27/04/2021,2021
1420,1,16,24,28,46,2,11,30/04/2021,2021
1421,3,10,13,28,46,4,11,04/05/2021,2021
1422,14,22,33,38,47,8,9,07/05/2021,2021
1423,14,25,34,43,46,5,6,11/05/2021,2021
1424,6,16,18,29,38,6,11,14/05/2021,2021
1425,5,13,38,39,40,4,12,18/05/2021,2021
1426,2,9,13,15,35,3,10,21/05/2021,2021
1427,1,21,26,30,38,2,8,25/05/2021,2021
1428,11,13,16,34,40,1,12,28/05/2021,2021
1429,3,10,26,35,44,6,7,01/06/2021,2021
1430,7,20,36,40,46,2,4,04/06/2021,2021
1431,2,11,26,36,47,7,9,08/06/2021,2021
1432,11,21,26,30,31,2,3,15/06/2021,2021
1433,11,20,27,30,41,3,5,18/06/2021,2021
1434,6,24,26,27,41,3,8,22/06/2021,2021
1435,1,29,30,33,36,3,12,25/06/2021,2021
1436,6,12,20,24,48,5,6,29/06/2021,2021
1437,9,14,29,38,49,7,10,02/07/2021,2021
1438,2,5,21,27,42,9,11,06/07/2021,2021
1439,6,19,36,37,49,4,11,09/07/2021,2021
1440,5,6,8,11,22,3,4,13/07/2021,2021
1441,5,16,42,47,49,3,11,16/07/2021,2021
1442,3,12,19,41,48,6,9,20/07/2021,2021
1443,23,24,26,34,50,2,4,23/07/2021,2021
1444,5,9,19,21,25,10,12,27/07/2021,2021
1445,10,23,33,35,37,5,10,30/07/2021,2021
1446,17,21,23,45,46,7,11,03/08/2021,2021
1447,7,14,21,26,32,4,12,06/08/2021,2021
1448,9,37,47,48,49,2,7,10/08/2021,2021
1449,6,12,44,47,49,8,12,13/08/2021,2021
1450,12,31,41,42,47,4,6,17/08/2021,2021
1451,3,9,19,20,23,9,11,20/08/2021,2021
1452,19,21,36,44,50,3,10,24/08/2021,2021
1453,2,3,31,46,50,8,12,27/08/2021,2021
1454,5,13,17,32,43,2,10,31/08/2021,2021
1455,5,7,13,29,35,3,7,03/09/2021,2021
1456,7,19,35,42,43,7,9,07/09/2021,2021
1457,1,6,7,18,28,2,8,10/09/2021,2021
1458,12,18,35,38,45,2,8,14/09/2021,2021
1459,5,7,8,10,34,1,9,17/09/2021,2021
1460,20,25,26,30,38,2,8,21/09/2021,2021
1461,2,12,20,27,41,10,12,24/09/2021,2021
1462,6,7,12,33,39,1,7,28/09/2021,2021
1463,1,15,19,26,48,6,12,01/10/2021,2021
1464,11,13,14,36,45,7,9,05/10/2021,2021
1465,1,10,23,42,46,3,5,08/10/2021,2021
1466,6,13,22,45,49,10,11,12/10/2021,2021
1467,21,26,31,34,49,2,5,15/10/2021,2021
1468,4,20,36,40,41,1,6,19/10/2021,2021
1469,12,17,22,33,39,2,12,22/10/2021,2021
1470,12,15,20,42,44,1,2,26/10/2021,2021
1471,10,15,28,32,49,3,9,29/10/2021,2021
1472,2,3,17,29,43,1,4,02/11/2021,2021
1473,2,12,25,30,41,8,11,05/11/2021,2021
1474,17,25,26,33,36,1,8,09/11/2021,2021
1475,2,9,15,47,50,6,9,12/11/2021,2021
1476,9,19,21,32,36,3,4,16/11/2021,2021
1477,22,26,38,47,50,2,6,19/11/2021,2021
1478,17,21,36,42,46,7,10,23/11/2021,2021
1479,1,20,41,42,50,3,7,26/11/2021,2021
1480,19,20,26,33,43,1,4,30/11/2021,2021
1481,21,22,29,32,46,9,10,03/12/2021,2021
1482,22,31,38,46,47,7,11,07/12/2021,2021
1483,11,21,33,38,42,2,8,10/12/2021,2021
1484,19,21,37,47,48,3,6,14/12/2021,2021
1485,1,2,15,30,35,2,7,17/12/2021,2021
1486,12,17,21,34,38,2,3,21/12/2021,2021
1487,2,26,28,34,41,5,10,24/12/2021,2021
1488,4,6,15,17,29,9,12,28/12/2021,2021
1489,7,22,25,43,49,6,7,31/12/2021,2021
1490,18,28,35,36,41,6,11,04/01/2022,2022
1491,2,14,37,44,50,7,11,07/01/2022,2022
1492,4,23,32,33,44,9,12,11/01/2022,2022
1493,6,17,25,31,46,9,12,14/01/2022,2022
1494,3,12,19,24,30,2,5,18/01/2022,2022
1495,5,14,35,36,39,7,12,21/01/2022,2022
1496,6,16,18,39,47,2,4,25/01/2022,2022
1497,10,25,29,34,45,9,10,28/01/2022,2022
1498,1,19,36,38,49,6,9,01/02/2022,2022
1499,3,25,38,43,49,3,7,04/02/2022,2022
1500,6,20,34,37,43,7,10,08/02/2022,2022
1501,13,18,38,42,45,7,11,11/02/2022,2022
1502,9,20,31,33,44,2,12,15/02/2022,2022
1503,25,38,41,43,50,6,10,18/02/2022,2022
1504,5,9,14,26,32,3,7,22/02/2022,2022
1505,10,13,24,30,42,1,5,25/02/2022,2022
1506,8,24,26,39,42,3,5,01/03/2022,2022
1507,6,20,40,42,43,10,12,04/03/2022,2022
1508,12,18,21,25,31,2,9,08/03/2022,2022
1509,12,19,22,23,48,2,6,11/03/2022,2022
1510,1,2,12,19,26,2,8,15/03/2022,2022
1511,1,9,14,17,43,6,12,18/03/2022,2022
1512,7,17,21,29,40,8,11,22/03/2022,2022
1513,6,10,24,27,29,5,12,25/03/2022,2022
1514,8,11,33,42,43,6,11,29/03/2022,2022
1515,2,7,21,31,45,4,10,01/04/2022,2022
1516,1,11,13,24,49,5,6,05/04/2022,2022
1517,1,15,16,38,45,4,11,08/04/2022,2022
1518,21,30,31,35,47,2,10,12/04/2022,2022
1519,6,24,30,32,48,5,6,15/04/2022,2022
1520,2,12,17,28,46,6,10,19/04/2022,2022
1521,6,11,21,35,36,1,9,22/04/2022,2022
1522,4,25,28,34,35,8,11,26/04/2022,2022
1523,10,11,20,36,37,3,7,29/04/2022,2022
1524,8,20,26,47,48,3,8,03/05/2022,2022
1525,3,8,18,24,40,3,11,06/05/2022,2022
1526,3,25,27,28,29,4,9,10/05/2022,2022
1527,3,11,17,45,48,4,8,13/05/2022,2022
1528,5,28,30,48,49,5,11,17/05/2022,2022
1529,8,22,23,32,50,3,9,20/05/2022,2022
1530,10,13,27,36,37,2,10,24/05/2022,2022
1531,15,23,28,34,48,3,5,27/05/2022,2022
1532,3,10,13,42,49,3,9,31/05/2022,2022
1533,12,20,29,34,48,9,11,03/06/2022,2022
1534,6,16,17,25,31,2,6,07/06/2022,2022
1535,17,26,36,37,40,9,12,10/06/2022,2022
1536,2,7,27,34,40,3,11,14/06/2022,2022
1537,19,21,22,31,38,7,11,17/06/2022,2022
1538,6,23,36,39,47,8,10,21/06/2022,2022
1539,10,17,28,44,50,8,12,24/06/2022,2022
1540,10,35,42,47,48,2,11,28/06/2022,2022
1541,6,18,24,34,46,3,12,01/07/2022,2022
1542,7,10,25,45,48,3,6,05/07/2022,2022
1543,28,31,35,43,46,4,7,08/07/2022,2022
1544,14,18,24,25,50,6,11,12/07/2022,2022
